Region,State
Central US,Oklahoma
Oceania,New South Wales
Oceania,Queensland
Western Europe,Berlin
Western Africa,Dakar
Oceania,Wellington
Oceania,Waikato
Western US,Washington
Southern Asia,Kabul
Western Asia,Jizan
South America,Parana
Eastern Asia,Heilongjiang
Western Europe,Ile-de-France
Central US,Texas
Southern Europe,Tuscany
Eastern Africa,Kigoma
Eastern Europe,Silesia
Eastern Asia,Anhui
Northern Europe,Scotland
Central America,Chihuahua
Central America,San Salvador
Eastern Asia,Taipei City
Western Europe,Saxony
Eastern US,New York
Southern Asia,Gujarat
Caribbean,Santo Domingo
Western Europe,Brittany
Western US,California
Central Africa,Katanga
Northern Europe,England
Southeastern Asia,Nusa Tenggara Barat
Southern Asia,Haryana
Southern Asia,Kerala
Southern US,Mississippi
Eastern Asia,Shandong
Southern Asia,Jharkhand
South America,Paysandú
Southern Asia,Mazandaran
Eastern Africa,Cidade De Maputo
Southern Asia,Madhya Pradesh
Southern Asia,Delhi
Oceania,Western Australia
Southern Asia,Dhaka
Eastern US,Pennsylvania
Western Europe,Lower Saxony
Eastern Asia,Jiangsu
Southern US,North Carolina
Southern Europe,Andalusía
Southern Asia,Uttarakhand
Central America,Durango
Eastern Europe,Kharkiv
Central America,Chinandega
Central Africa,Kasai-Occidental
Southeastern Asia,Sumatera Selatan
Oceania,Victoria
Western Europe,North Rhine-Westphalia
Eastern Asia,Sichuan
Southern Asia,West Bengal
Western Europe,Nord-Pas-de-Calais-Picardie
North Africa,Meknès-Tafilalet
Western US,Oregon
Southeastern Asia,Jawa Barat
North Africa,Grand Casablanca
Southeastern Asia,National Capital
Western Europe,Styria
Central Africa,Kinshasa
Western Europe,Aquitaine-Limousin-Poitou-Charentes
Central America,Puebla
Western Europe,Bavaria
Western Europe,Provence-Alpes-Côte d'Azur
South America,Antioquia
Western Europe,North Brabant
Southern US,Virginia
Southern Europe,Galicia
Western Europe,Bremen
Western Europe,Languedoc-Roussillon-Midi-Pyrénées
Oceania,South Australia
Southeastern Asia,Pahang
South America,Pichincha
Eastern Asia,Hainan
Southeastern Asia,Bangkok
Central US,Indiana
Central America,Sonora
Eastern Asia,Hubei
South America,São Paulo
Southern Europe,Veneto
Eastern Africa,Woqooyi Galbeed
Southeastern Asia,Yogyakarta
Eastern Asia,Liaoning
Western Europe,North Holland
Western Europe,Normandy
Western Europe,Hamburg
Central America,Guatemala
Eastern US,New Hampshire
Central America,Michoacán
Eastern Asia,Jilin
Southern Europe,Madrid
Western Asia,Makkah
Southeastern Asia,Sumatera Utara
Southeastern Asia,Jakarta
Southeastern Asia,Jawa Tengah
Eastern Asia,Beijing
Central America,Hidalgo
Eastern Europe,Brest
Southern Europe,Valenciana
Eastern Europe,Zhytomyr
Southern Asia,Bihar
Southeastern Asia,Phnom Penh
Eastern US,Rhode Island
Southeastern Asia,Jambi
Eastern Asia,Guangdong
Oceania,Tasmania
Southern Africa,Gauteng
Southern Europe,Basque Country
Western US,Nevada
Canada,Ontario
Southern Asia,Fars
Eastern Asia,Shizuoka
Southeastern Asia,Kuala Lumpur
Eastern Europe,Astrakhan'
Eastern Asia,Hunan
Eastern Asia,Zhejiang
Western Europe,Pays de la Loire
Western Europe,Bourgogne-Franche-Comté
Southern US,Tennessee
Southern Africa,Western Cape
North Africa,Al Qahirah
Western Asia,Baki
Northern Europe,Vilnius
Southern US,Georgia
South America,Buenos Aires
North Africa,Suhaj
Southern Africa,Maseru
Eastern Asia,Henan
South America,Bahia
Central America,Matagalpa
Eastern US,Ohio
Central America,Managua
Eastern Asia,Inner Mongolia
Western Europe,Alsace-Champagne-Ardenne-Lorraine
Southeastern Asia,Jawa Timur
Western Europe,Vienna
Central America,Distrito Federal
Eastern Asia,Osaka
Southern Asia,Uttar Pradesh
Southern Europe,Catalonia
Southeastern Asia,Ho Chí Minh City
Caribbean,Camagüey
Eastern Europe,Neamt
Central America,Guanajuato
Central US,Missouri
Western Asia,Izmir
Oceania,Auckland
Central Africa,Centre
Southern Europe,Cantabria
Eastern Asia,Hebei
Eastern Asia,Shanghai
Central America,León
Eastern Europe,Yaroslavl'
Oceania,Australian Capital Territory
Southern Africa,Eastern Cape
Southern Asia,Chhattisgarh
Oceania,Canterbury
Eastern Asia,Chongqing
Eastern Europe,Bekes
Southern Europe,Piedmont
Southeastern Asia,Singapore
Central Africa,Benguela
Eastern Asia,Hyogo
Southeastern Asia,Sulawesi Tenggara
Western Europe,Auvergne
Eastern Europe,Buzau
South America,Paraíba
Oceania,Northern Territory
Central US,Illinois
Western Europe,East Flanders
Southern Asia,Punjab
Western Europe,Auvergne-Rhône-Alpes
Northern Europe,Uusimaa
South America,Bolívar
Central America,Quintana Roo
Western Africa,Ashanti
Southern Asia,Tamil Nadu
Southern Asia,Lorestan
Southern Europe,Apulia
Central America,Nuevo León
South America,Goiás
Southeastern Asia,Sulawesi Utara
Southern Asia,Kermanshah
Southern Asia,Maharashtra
South America,Santander
Southern Asia,Karnataka
Eastern Asia,Fujian
Eastern Africa,Copperbelt
Central US,Michigan
Southern Asia,Rajasthan
Western Europe,Thuringia
Southern US,Kentucky
Central America,Tabasco
Central America,México
Central America,Sinaloa
Western US,Arizona
Western Asia,Maysan
Southern Asia,Razavi Khorasan
Southern Europe,Lazio
Southern Europe,Balearic Islands
Eastern Europe,Gyor
Western Africa,Montserrado
Caribbean,Santiago de Cuba
South America,Bogota
Western Asia,Tbilisi
Eastern Asia,Gansu
Southern Europe,Emilia-Romagna
Eastern Europe,Lublin
Western Europe,Zürich
Southern Europe,Elbasan
Eastern Europe,Voronezh
Eastern Asia,Yamaguchi
Southeastern Asia,Sulawesi Tengah
Southern Asia,Manipur
Central Africa,Mandoul
Southern Europe,Podgorica
Central America,Jalisco
Southern Asia,Hamadan
Southern Africa,Khomas
Central America,Quezaltenango
Central America,La Libertad
Caribbean,Guantánamo
Southeastern Asia,Western Visayas
Southern Europe,Lisboa
Caribbean,San Juan
Eastern Africa,Analamanga
Eastern Europe,Bashkortostan
Southern Asia,Tehran
Southern Asia,Baluchistan
South America,Cundinamarca
Eastern Europe,Volyn
Oceania,Northland
Eastern Asia,Yunnan
Southern Europe,Navarra
Northern Europe,Stockholm
Southern Europe,Asturias
Southern Europe,Campania
Eastern Europe,Poltava
Southern Asia,Andhra Pradesh
Southern Africa,North-West
Eastern Europe,Vladimir
Southern Europe,Castile and León
Southeastern Asia,Yangon
Caribbean,Saint Catherine
Eastern Asia,Tianjin
Caribbean,Barahona
South America,Federal District
Southern Europe,Attica
Western Asia,Ad Dawhah
Eastern Asia,Oita
Oceania,Bay of Plenty
South America,Rio Grande do Norte
Western Europe,Hesse
Canada,Alberta
South America,Santa Catarina
Central America,Yucatán
Eastern Africa,Dar Es Salaam
North Africa,Tadla-Azilal
Central Africa,Niari
Eastern Europe,Kaliningrad
Northern Europe,Vest-Agder
Western Asia,Al Qadisiyah
Caribbean,Mayabeque
North Africa,Alger
Western Asia,Istanbul
Northern Europe,Kaunas
Southern Asia,Ardabil
Central America,Baja California
North Africa,Al Iskandariyah
Eastern Asia,Guangxi
Western Europe,Mecklenburg-Vorpommern
Southern Europe,Trentino-Alto Adige
Western Europe,Basel-Stadt
Eastern Africa,Maputo
Eastern Asia,Seoul
Southern Europe,Lombardy
Southeastern Asia,Sabah
Western US,Colorado
South America,Minas Gerais
Western Africa,Benue
Northern Europe,Harjumaa
Northern Europe,Wales
Southeastern Asia,Kalimantan Timur
Western Asia,Balikesir
Western Africa,Fromager
Central America,Francisco Morazán
Caribbean,Sancti Spíritus
Northern Europe,Hordaland
Western Asia,Ar Riyad
Western Europe,Lucerne
South America,Central
Central Africa,Kasai-Oriental
Western US,Montana
Southern Asia,Jammu and Kashmir
Western Africa,Haut-Sassandra
Central America,Coahuila
Southeastern Asia,Cordillera
Eastern US,Connecticut
Eastern Europe,Chelyabinsk
South America,Espírito Santo
Southern Europe,Abruzzi
Southern Asia,Chittagong
Western Asia,Baghdad
South America,San Luis
Central America,San Luis Potosí
Southern US,Florida
Eastern Europe,Prague
Central Africa,Bangui
Oceania,Hawke's Bay
Western Europe,Antwerp
Eastern Asia,Chiba
Western Africa,Ouémé
Southern Asia,Esfahan
Eastern Europe,L'viv
Northern Europe,Oslo
Western Asia,Arbil
Caribbean,San Pedro de Macorís
Central America,Estelí
Caribbean,Pinar del Río
North Africa,Tanger-Tétouan
South America,Oruro
Eastern Asia,Gunma
Eastern Europe,Amur
Southern Asia,Telangana
Southern US,Alabama
Southern Europe,Durrës
Central America,Tamaulipas
Western US,Utah
South America,Atacama
Caribbean,La Romana
Caribbean,Martinique
Western Europe,Rhineland-Palatinate
South America,Rio de Janeiro
Western Asia,Hims
South America,Tocantins
